{"hotspot":[{"title":"Colorado","id":"hotspot_colorado"},{"title":"Tuscaloosa","id":"hotspot_tuscaloosa"},{"title":"Roanoke","id":"hotspot_roanoke"},{"title":"Pacific Northwest","id":"hotspot_pacnorthwest"},{"title":"Alberta","id":"hotspot_alberta"},{"title":"Alaska","id":"hotspot_alaska"},{"title":"Mesoamerica","id":"hotspot_mesoamerica"},{"title":"Amazon rainforest","id":"hotspot_amazon"},{"title":"Chaco","id":"hotspot_chaco"},{"title":"Southern Peru","id":"hotspot_peru"},{"title":"Siberia","id":"hotspot_siberia"},{"title":"Borneo","id":"hotspot_borneo"},{"title":"Sweden","id":"hotspot_sweden"},{"title":"Chernobyl","id":"hotspot_chernobyl"},{"title":"Ivory Coast","id":"hotspot_cote-divoire"},{"title":"Congo","id":"hotspot_congo"},{"title":"Zambia","id":"hotspot_zambia"},{"title":"Cambodia","id":"hotspot_cambodia"},{"title":"Philippines","id":"hotspot_philippines"},{"title":"Indonesia","id":"hotspot_indonesia"},{"title":"Sichuan","id":"hotspot_sichuan"}],"country":[{"title":"Russia","id":"country_russia"},{"title":"Brazil","id":"country_brazil"},{"title":"Canada","id":"country_canada"},{"title":"United States of America","id":"country_united-states-of-america"},{"title":"Democratic Republic of the Congo","id":"country_democratic-republic-of-the-congo"},{"title":"Indonesia","id":"country_indonesia"},{"title":"Colombia","id":"country_colombia"},{"title":"Peru","id":"country_peru"},{"title":"Bolivia","id":"country_bolivia"},{"title":"Venezuela","id":"country_venezuela"},{"title":"Angola","id":"country_angola"},{"title":"Papua New Guinea","id":"country_papua-new-guinea"},{"title":"Myanmar","id":"country_myanmar"},{"title":"Central African Republic","id":"country_central-african-republic"},{"title":"Malaysia","id":"country_malaysia"},{"title":"Cameroon","id":"country_cameroon"},{"title":"Republic of Congo","id":"country_republic-of-congo"},{"title":"Mozambique","id":"country_mozambique"},{"title":"Gabon","id":"country_gabon"},{"title":"Japan","id":"country_japan"},{"title":"France","id":"country_france"},{"title":"Sweden","id":"country_sweden"},{"title":"Zambia","id":"country_zambia"},{"title":"Guyana","id":"country_guyana"},{"title":"Ecuador","id":"country_ecuador"},{"title":"Paraguay","id":"country_paraguay"},{"title":"Finland","id":"country_finland"},{"title":"Laos","id":"country_laos"},{"title":"Thailand","id":"country_thailand"},{"title":"Madagascar","id":"country_madagascar"},{"title":"Suriname","id":"country_suriname"},{"title":"Philippines","id":"country_philippines"},{"title":"Vietnam","id":"country_vietnam"},{"title":"Ivory Coast","id":"country_ivory-coast"},{"title":"Germany","id":"country_germany"},{"title":"New Zealand","id":"country_new-zealand"},{"title":"Poland","id":"country_poland"},{"title":"Belarus","id":"country_belarus"},{"title":"Cambodia","id":"country_cambodia"},{"title":"Romania","id":"country_romania"},{"title":"Nicaragua","id":"country_nicaragua"},{"title":"Guatemala","id":"country_guatemala"},{"title":"Liberia","id":"country_liberia"},{"title":"Honduras","id":"country_honduras"},{"title":"Guinea","id":"country_guinea"},{"title":"Uganda","id":"country_uganda"},{"title":"Panama","id":"country_panama"},{"title":"Austria","id":"country_austria"},{"title":"South Korea","id":"country_south-korea"},{"title":"North Korea","id":"country_north-korea"},{"title":"Bulgaria","id":"country_bulgaria"},{"title":"Costa Rica","id":"country_costa-rica"},{"title":"Sierra Leone","id":"country_sierra-leone"},{"title":"Cuba","id":"country_cuba"},{"title":"Sri Lanka","id":"country_sri-lanka"},{"title":"Latvia","id":"country_latvia"},{"title":"Czech Republic","id":"country_czech-republic"},{"title":"Georgia","id":"country_georgia"},{"title":"Bosnia and Herzegovina","id":"country_bosnia-and-herzegovina"},{"title":"Republic of Serbia","id":"country_republic-of-serbia"},{"title":"Equatorial Guinea","id":"country_equatorial-guinea"},{"title":"Dominican Republic","id":"country_dominican-republic"},{"title":"Croatia","id":"country_croatia"},{"title":"Slovakia","id":"country_slovakia"},{"title":"Estonia","id":"country_estonia"},{"title":"Bhutan","id":"country_bhutan"},{"title":"Taiwan","id":"country_taiwan"},{"title":"Lithuania","id":"country_lithuania"},{"title":"Belize","id":"country_belize"},{"title":"Solomon Islands","id":"country_solomon-islands"},{"title":"Switzerland","id":"country_switzerland"},{"title":"Fiji","id":"country_fiji"},{"title":"Slovenia","id":"country_slovenia"},{"title":"New Caledonia","id":"country_new-caledonia"},{"title":"El Salvador","id":"country_el-salvador"},{"title":"Brunei","id":"country_brunei"},{"title":"Jamaica","id":"country_jamaica"},{"title":"Macedonia","id":"country_macedonia"},{"title":"East Timor","id":"country_east-timor"},{"title":"Montenegro","id":"country_montenegro"},{"title":"Vanuatu","id":"country_vanuatu"},{"title":"Swaziland","id":"country_swaziland"},{"title":"Puerto Rico","id":"country_puerto-rico"},{"title":"Trinidad and Tobago","id":"country_trinidad-and-tobago"},{"title":"Kosovo","id":"country_kosovo"},{"title":"Luxembourg","id":"country_luxembourg"}],"ecoregion":[{"title":"Central and Eastern Siberian Taiga","id":"ecoregion_central-and-eastern-siberian-taiga"},{"title":"Mediterranean Forests, Woodlands and Scrub","id":"ecoregion_mediterranean-forests-woodlands-and-scrub"},{"title":"Southwestern Amazonian Moist Forests","id":"ecoregion_southwestern-amazonian-moist-forests"},{"title":"Atlantic Forests","id":"ecoregion_atlantic-forests"},{"title":"Southeast China-Hainan Moist Forests","id":"ecoregion_southeast-china-hainan-moist-forests"},{"title":"Altai-Sayan Montane Forests","id":"ecoregion_altai-sayan-montane-forests"},{"title":"Rio Negro-Juru\u00e1 Moist Forests","id":"ecoregion_rio-negro-jurua-moist-forests"},{"title":"Canadian Boreal Taiga","id":"ecoregion_canadian-boreal-taiga"},{"title":"North Indochina Subtropical Moist Forests","id":"ecoregion_north-indochina-subtropical-moist-forests"},{"title":"Southeastern Conifer and Broadleaf Forests","id":"ecoregion_southeastern-conifer-and-broadleaf-forests"},{"title":"Western Congo Basin Moist Forests","id":"ecoregion_western-congo-basin-moist-forests"},{"title":"Borneo Lowland and Montane Forests","id":"ecoregion_borneo-lowland-and-montane-forests"},{"title":"Northeastern Congo Basin Moist Forests","id":"ecoregion_northeastern-congo-basin-moist-forests"},{"title":"Muskwa/Slave Lake Boreal Forests","id":"ecoregion_muskwa-slave-lake-boreal-forests"},{"title":"Caucasus-Anatolian-Hyrcanian Temperate Forests","id":"ecoregion_caucasus-anatolian-hyrcanian-temperate-forests"},{"title":"Guianan Moist Forests","id":"ecoregion_guianan-moist-forests"},{"title":"Central Congo Basin Moist Forests","id":"ecoregion_central-congo-basin-moist-forests"},{"title":"Southwestern Australia Forests and Scrub","id":"ecoregion_southwestern-australia-forests-and-scrub"},{"title":"Indochina Dry Forests","id":"ecoregion_indochina-dry-forests"},{"title":"European-Mediterranean Montane Forests","id":"ecoregion_european-mediterranean-montane-forests"},{"title":"Guianan Highlands Moist Forests","id":"ecoregion_guianan-highlands-moist-forests"},{"title":"Guinean Moist Forests","id":"ecoregion_guinean-moist-forests"},{"title":"Southwest China Temperate Forests","id":"ecoregion_southwest-china-temperate-forests"},{"title":"Central Andean Yungas","id":"ecoregion_central-andean-yungas"},{"title":"Appalachian and Mixed Mesophytic Forests","id":"ecoregion_appalachian-and-mixed-mesophytic-forests"},{"title":"Eastern Deccan Plateau Moist Forests","id":"ecoregion_eastern-deccan-plateau-moist-forests"},{"title":"Sumatran Islands Lowland and Montane Forests","id":"ecoregion_sumatran-islands-lowland-and-montane-forests"},{"title":"Madagascar Forests and Shrublands","id":"ecoregion_madagascar-forests-and-shrublands"},{"title":"Southern Australia Mallee and Woodlands","id":"ecoregion_southern-australia-mallee-and-woodlands"},{"title":"New Guinea Montane Forests","id":"ecoregion_new-guinea-montane-forests"},{"title":"Kamchatka Taiga and Grasslands","id":"ecoregion_kamchatka-taiga-and-grasslands"},{"title":"Mesoamerican Pine-Oak Forests","id":"ecoregion_mesoamerican-pine-oak-forests"},{"title":"Naga-Manapuri-Chin Hills Moist Forests","id":"ecoregion_naga-manapuri-chin-hills-moist-forests"},{"title":"Philippines Moist Forests","id":"ecoregion_philippines-moist-forests"},{"title":"Hengduan Shan Conifer Forests","id":"ecoregion_hengduan-shan-conifer-forests"},{"title":"Congolian Coastal Forests","id":"ecoregion_congolian-coastal-forests"},{"title":"Valdivian Temperate Rain Forests / Juan Fern\u00e1nde","id":"ecoregion_valdivian-temperate-rain-forests-juan-fernande"},{"title":"Chiquitano Dry Forests","id":"ecoregion_chiquitano-dry-forests"},{"title":"Sierra Madre Oriental and Occidental Pine-Oak Fo","id":"ecoregion_sierra-madre-oriental-and-occidental-pine-oak-fo"},{"title":"Kayah-Karen/Tenasserim Moist Forests","id":"ecoregion_kayah-karen-tenasserim-moist-forests"},{"title":"Russian Far East Broadleaf and Mixed Forests","id":"ecoregion_russian-far-east-broadleaf-and-mixed-forests"},{"title":"Southern New Guinea Lowland Forests","id":"ecoregion_southern-new-guinea-lowland-forests"},{"title":"Choc\u00f3-Dari\u00e9n Moist Forests","id":"ecoregion_choco-darien-moist-forests"},{"title":"Sulawesi Moist Forests","id":"ecoregion_sulawesi-moist-forests"},{"title":"Ural Mountains Taiga and Tundra","id":"ecoregion_ural-mountains-taiga-and-tundra"},{"title":"New Zealand Temperate Forests","id":"ecoregion_new-zealand-temperate-forests"},{"title":"Eastern Himalayan Broadleaf and Conifer Forests","id":"ecoregion_eastern-himalayan-broadleaf-and-conifer-forests"},{"title":"Madagascar Dry Forests","id":"ecoregion_madagascar-dry-forests"},{"title":"Chilean Matorral","id":"ecoregion_chilean-matorral"},{"title":"Peninsular Malaysia Lowland and Montane Forests","id":"ecoregion_peninsular-malaysia-lowland-and-montane-forests"},{"title":"Chhota-Nagpur Dry Forests","id":"ecoregion_chhota-nagpur-dry-forests"},{"title":"California Chaparral and Woodlands","id":"ecoregion_california-chaparral-and-woodlands"},{"title":"Atlantic Dry Forests","id":"ecoregion_atlantic-dry-forests"},{"title":"East African Coastal Forests","id":"ecoregion_east-african-coastal-forests"},{"title":"Albertine Rift Montane Forests","id":"ecoregion_albertine-rift-montane-forests"},{"title":"Tumbesian-Andean Valleys Dry Forests","id":"ecoregion_tumbesian-andean-valleys-dry-forests"},{"title":"Pacific Temperate Rainforests","id":"ecoregion_pacific-temperate-rainforests"},{"title":"Western Himalayan Temperate Forests","id":"ecoregion_western-himalayan-temperate-forests"},{"title":"Annamite Range Moist Forests","id":"ecoregion_annamite-range-moist-forests"},{"title":"Solomons-Vanuatu-Bismarck Moist Forests","id":"ecoregion_solomons-vanuatu-bismarck-moist-forests"},{"title":"Greater Antillean Moist Forests","id":"ecoregion_greater-antillean-moist-forests"},{"title":"Fynbos","id":"ecoregion_fynbos"},{"title":"Nusu Tenggara Dry Forests","id":"ecoregion_nusu-tenggara-dry-forests"},{"title":"Sierra Nevada Coniferous Forests","id":"ecoregion_sierra-nevada-coniferous-forests"},{"title":"Southern Mexican Dry Forests","id":"ecoregion_southern-mexican-dry-forests"},{"title":"Klamath-Siskiyou Coniferous Forests","id":"ecoregion_klamath-siskiyou-coniferous-forests"},{"title":"Tasmanian Temperate Rainforests","id":"ecoregion_tasmanian-temperate-rainforests"},{"title":"Amazon River and Flooded Forests","id":"ecoregion_amazon-river-and-flooded-forests"},{"title":"Southwestern Ghats Moist Forest","id":"ecoregion_southwestern-ghats-moist-forest"},{"title":"Cardamom Mountains Moist Forests","id":"ecoregion_cardamom-mountains-moist-forests"},{"title":"Moluccas Moist Forests","id":"ecoregion_moluccas-moist-forests"},{"title":"Cameroon Highlands Forests","id":"ecoregion_cameroon-highlands-forests"},{"title":"Taiwan Montane Forests","id":"ecoregion_taiwan-montane-forests"},{"title":"Queensland Tropical Forests","id":"ecoregion_queensland-tropical-forests"},{"title":"Gulf of Guinea Mangroves","id":"ecoregion_gulf-of-guinea-mangroves"},{"title":"Western Java Montane Forests","id":"ecoregion_western-java-montane-forests"},{"title":"Napo Moist Forests","id":"ecoregion_napo-moist-forests"},{"title":"Eastern Arc Montane Forests","id":"ecoregion_eastern-arc-montane-forests"},{"title":"Amazon-Orinoco-Southern Caribbean Mangroves","id":"ecoregion_amazon-orinoco-southern-caribbean-mangroves"},{"title":"Southern Pacific Islands Forests","id":"ecoregion_southern-pacific-islands-forests"},{"title":"Eastern Asutralia Temperate Forests","id":"ecoregion_eastern-asutralia-temperate-forests"},{"title":"Sundarbans Mangroves","id":"ecoregion_sundarbans-mangroves"},{"title":"Greater Sundas Mangroves","id":"ecoregion_greater-sundas-mangroves"},{"title":"New Guinea Mangroves","id":"ecoregion_new-guinea-mangroves"},{"title":"Greater Antillean Pine Forests","id":"ecoregion_greater-antillean-pine-forests"},{"title":"Talamancan-Isthmian Pacific Forests","id":"ecoregion_talamancan-isthmian-pacific-forests"},{"title":"Sri Lankan Moist Forest","id":"ecoregion_sri-lankan-moist-forest"},{"title":"New Caledonia Moist Forests","id":"ecoregion_new-caledonia-moist-forests"},{"title":"Coastal Venezuela Montane Forests","id":"ecoregion_coastal-venezuela-montane-forests"},{"title":"Palawan Moist Forests","id":"ecoregion_palawan-moist-forests"},{"title":"East African Mangroves","id":"ecoregion_east-african-mangroves"},{"title":"Hawaii Dry Forest","id":"ecoregion_hawaii-dry-forest"},{"title":"South American Pacific Mangroves","id":"ecoregion_south-american-pacific-mangroves"},{"title":"Hawaii Moist Forest","id":"ecoregion_hawaii-moist-forest"},{"title":"Madagascar Mangroves","id":"ecoregion_madagascar-mangroves"},{"title":"New Caledonia Dry Forests","id":"ecoregion_new-caledonia-dry-forests"},{"title":"Nansei Shoto Archipelago Forests","id":"ecoregion_nansei-shoto-archipelago-forests"},{"title":"Seychelles and Mascarenes Moist Forests","id":"ecoregion_seychelles-and-mascarenes-moist-forests"},{"title":"Lord Howe and Norfolk Island Forests","id":"ecoregion_lord-howe-and-norfolk-island-forests"},{"title":"Northern Andean Montane Forests","id":"ecoregion_northern-andean-montane-forests"}]}